track_name,artist_name,album_name,popularity,duration_ms,release_date
sunt aut facere repellat provident occaecati excepturi optio reprehenderit,Demo Artist,Demo Album,50,180000,2020-01-01
qui est esse,Demo Artist,Demo Album,50,180000,2020-01-01
ea molestias quasi exercitationem repellat qui ipsa sit aut,Demo Artist,Demo Album,50,180000,2020-01-01
eum et est occaecati,Demo Artist,Demo Album,50,180000,2020-01-01
nesciunt quas odio,Demo Artist,Demo Album,50,180000,2020-01-01
dolorem eum magni eos aperiam quia,Demo Artist,Demo Album,50,180000,2020-01-01
magnam facilis autem,Demo Artist,Demo Album,50,180000,2020-01-01
dolorem dolore est ipsam,Demo Artist,Demo Album,50,180000,2020-01-01
nesciunt iure omnis dolorem tempora et accusantium,Demo Artist,Demo Album,50,180000,2020-01-01
optio molestias id quia eum,Demo Artist,Demo Album,50,180000,2020-01-01
et ea vero quia laudantium autem,Demo Artist,Demo Album,50,180000,2020-01-01
in quibusdam tempore odit est dolorem,Demo Artist,Demo Album,50,180000,2020-01-01
dolorum ut in voluptas mollitia et saepe quo animi,Demo Artist,Demo Album,50,180000,2020-01-01
voluptatem eligendi optio,Demo Artist,Demo Album,50,180000,2020-01-01
eveniet quod temporibus,Demo Artist,Demo Album,50,180000,2020-01-01
sint suscipit perspiciatis velit dolorum rerum ipsa laboriosam odio,Demo Artist,Demo Album,50,180000,2020-01-01
fugit voluptas sed molestias voluptatem provident,Demo Artist,Demo Album,50,180000,2020-01-01
voluptate et itaque vero tempora molestiae,Demo Artist,Demo Album,50,180000,2020-01-01
adipisci placeat illum aut reiciendis qui,Demo Artist,Demo Album,50,180000,2020-01-01
doloribus ad provident suscipit at,Demo Artist,Demo Album,50,180000,2020-01-01
